{
  "source": "Balances_Matriz_Consolidado_Cantidad mayo tx2 2205.xlsx",
  "period": "2026-05",
  "version": "Tx2",
  "days_loaded": 18,
  "compra_bolsa_d1_17": 4330026.239999995,
  "venta_bolsa_d1_17": 806862.6000000003,
  "compra_bolsa_d1_18": 5550332.709999994,
  "venta_bolsa_d1_18": 806862.6000000003,
  "matrix": [
    {
      "day": 1,
      "hours": {
        "H1": -13676.750000000007,
        "H2": -11483.5,
        "H3": -9871.249999999993,
        "H4": -8855.090000000004,
        "H5": -8722.380000000001,
        "H6": -8336.75,
        "H7": -6196.52,
        "H8": 9511.54,
        "H9": 15611.170000000002,
        "H10": 17174.72000000001,
        "H11": 12169.099999999988,
        "H12": 10632.55000000001,
        "H13": 10644.500000000011,
        "H14": 10249.279999999995,
        "H15": 6899.23,
        "H16": -2001.5200000000004,
        "H17": -9493.090000000004,
        "H18": -25270.83999999999,
        "H19": -26102.320000000003,
        "H20": -23865.440000000002,
        "H21": -21981.9,
        "H22": -17649.14,
        "H23": -14342.89,
        "H24": -9229.41
      },
      "total": -124186.69999999998
    },
    {
      "day": 2,
      "hours": {
        "H1": -2515.2199999999975,
        "H2": 1684.7999999999993,
        "H3": -6090.690000000002,
        "H4": -8890.999999999993,
        "H5": -8513.099999999999,
        "H6": -2213.689999999995,
        "H7": -693.7800000000025,
        "H8": 10704.57,
        "H9": 12733.330000000016,
        "H10": 15761.79,
        "H11": 8907.069999999989,
        "H12": 9092.37999999999,
        "H13": 11198.100000000017,
        "H14": 9542.98,
        "H15": 4695.950000000004,
        "H16": 2002.9399999999914,
        "H17": -642.8500000000058,
        "H18": -16670.76,
        "H19": -17340.540000000008,
        "H20": -15474.610000000004,
        "H21": -12749.140000000003,
        "H22": -7859.48,
        "H23": -3277.719999999994,
        "H24": -942.1599999999999
      },
      "total": -17550.829999999987
    },
    {
      "day": 3,
      "hours": {
        "H1": 1861.0699999999997,
        "H2": 2788.590000000004,
        "H3": 3414.9999999999927,
        "H4": 4436.689999999995,
        "H5": 4383.669999999998,
        "H6": 5394.859999999997,
        "H7": 7848.139999999996,
        "H8": 26687.07999999999,
        "H9": 32423.32,
        "H10": 28164.72,
        "H11": 26447.36999999999,
        "H12": 23122.340000000007,
        "H13": 20879.39999999999,
        "H14": 17970.989999999994,
        "H15": 23300.899999999987,
        "H16": 10084.170000000006,
        "H17": 4386.41,
        "H18": -9625.559999999994,
        "H19": -12996.509999999998,
        "H20": -11231.940000000006,
        "H21": -8184.18,
        "H22": -5643.5999999999985,
        "H23": -3849.220000000001,
        "H24": -4806.7900000000045
      },
      "total": 187256.91999999995
    },
    {
      "day": 4,
      "hours": {
        "H1": -6282.870000000003,
        "H2": -5228.289999999997,
        "H3": -4192.459999999999,
        "H4": -3840.5499999999993,
        "H5": -2895.389999999992,
        "H6": 37.150000000001455,
        "H7": -4245.349999999984,
        "H8": 1937.0800000000017,
        "H9": 231.91999999999825,
        "H10": 4401.740000000005,
        "H11": 1113.3899999999994,
        "H12": -1488.939999999995,
        "H13": -354.81999999999243,
        "H14": -2391.6800000000076,
        "H15": -3700.1500000000015,
        "H16": -7460.560000000005,
        "H17": -15067.369999999992,
        "H18": -29549.649999999994,
        "H19": -26897.94,
        "H20": -24349.13000000001,
        "H21": -20411.779999999995,
        "H22": -14337.439999999995,
        "H23": -8342.510000000002,
        "H24": -6455.619999999995
      },
      "total": -179771.21999999997
    },
    {
      "day": 5,
      "hours": {
        "H1": -3700.8600000000006,
        "H2": -2438.970000000005,
        "H3": -1718.1299999999974,
        "H4": -649.2100000000064,
        "H5": -1827.9500000000044,
        "H6": -4518.019999999997,
        "H7": -9641.280000000006,
        "H8": 1043.650000000005,
        "H9": -544.7999999999884,
        "H10": 4517.190000000002,
        "H11": 3214.0799999999945,
        "H12": 1600.600000000013,
        "H13": 529.6199999999953,
        "H14": -41.80999999999767,
        "H15": -4962.779999999999,
        "H16": -11821.590000000011,
        "H17": -18141.979999999996,
        "H18": -31710.99000000001,
        "H19": -28911.749999999993,
        "H20": -26285.33,
        "H21": -23768.289999999997,
        "H22": -15507.139999999996,
        "H23": -7540.5199999999895,
        "H24": -6131.540000000001
      },
      "total": -188957.8
    },
    {
      "day": 6,
      "hours": {
        "H1": -4598.780000000006,
        "H2": -3546.8100000000086,
        "H3": -1637.1399999999994,
        "H4": -2372.6299999999974,
        "H5": -4650.59,
        "H6": -7340.41,
        "H7": -12244.319999999989,
        "H8": -5598.580000000016,
        "H9": -4332.600000000002,
        "H10": -2122.0400000000045,
        "H11": -711.4199999999983,
        "H12": -5026.980000000003,
        "H13": 1808.2199999999866,
        "H14": 543.9000000000015,
        "H15": -6733.389999999999,
        "H16": -13732.439999999995,
        "H17": -19677.33999999999,
        "H18": -34325.11,
        "H19": -32112.61,
        "H20": -29721.109999999993,
        "H21": -26397.159999999993,
        "H22": -21733.920000000013,
        "H23": -14841.82,
        "H24": -12278.440000000002
      },
      "total": -263383.52
    },
    {
      "day": 7,
      "hours": {
        "H1": -10722.760000000002,
        "H2": -9296.530000000002,
        "H3": -8438.989999999994,
        "H4": -7986.27,
        "H5": -8765.54,
        "H6": -11627.04,
        "H7": -16565.910000000003,
        "H8": -9646.71999999999,
        "H9": -11975.920000000002,
        "H10": -5727.419999999995,
        "H11": -6662.82,
        "H12": -6720.019999999997,
        "H13": -5547.299999999996,
        "H14": -6502.260000000009,
        "H15": -14579.700000000012,
        "H16": -20720.64,
        "H17": -24576.07,
        "H18": -38591.659999999996,
        "H19": -35199.41,
        "H20": -32527.320000000007,
        "H21": -28660.399999999998,
        "H22": -22200.64,
        "H23": -16545.890000000007,
        "H24": -13816.420000000002
      },
      "total": -373603.65
    },
    {
      "day": 8,
      "hours": {
        "H1": -12189.079999999998,
        "H2": -10127.380000000001,
        "H3": -8776.999999999996,
        "H4": -8611.700000000008,
        "H5": -9304.580000000002,
        "H6": -12288.469999999998,
        "H7": -17690.050000000003,
        "H8": -11864.759999999998,
        "H9": -8659.669999999991,
        "H10": -4187.689999999995,
        "H11": -9409.370000000003,
        "H12": -10590.33999999999,
        "H13": -5080.470000000008,
        "H14": -12719.49000000002,
        "H15": -16591.969999999987,
        "H16": -19409.950000000004,
        "H17": -22585.760000000002,
        "H18": -35764.6,
        "H19": -33135.92,
        "H20": -31324.080000000005,
        "H21": -28156.970000000005,
        "H22": -22090.43,
        "H23": -16703.610000000004,
        "H24": -14238.669999999995
      },
      "total": -381502.01000000007
    },
    {
      "day": 9,
      "hours": {
        "H1": -10084.160000000003,
        "H2": -7264.539999999997,
        "H3": -7415.929999999997,
        "H4": -6873.9699999999975,
        "H5": -6615.930000000004,
        "H6": -7063.029999999999,
        "H7": -11054.969999999998,
        "H8": 992.96000000001,
        "H9": 5601.480000000007,
        "H10": 7558.060000000001,
        "H11": 7114.189999999991,
        "H12": 7161.8899999999885,
        "H13": 9352.79,
        "H14": 8878.450000000015,
        "H15": 4990.850000000002,
        "H16": -2075.320000000007,
        "H17": -10781.669999999998,
        "H18": -29363.130000000005,